{
    "version": 4,
    "beforeBuildTasks": [],
    "afterBuildTasks": [],
    "global": {
        "$float-abi-type": "softfp",
        "output-debug-info": "enable"
    },
    "c/cpp-compiler": {
        "language-c": "c17",
        "language-cpp": "c++17",
        "optimization": "level-3",
        "warnings": "all-warnings",
        "C_FLAGS": "-ffunction-sections -fdata-sections",
        "CXX_FLAGS": "-ffunction-sections -fdata-sections"
    },
    "asm-compiler": {
        "ASM_FLAGS": "-ffunction-sections -fdata-sections"
    },
    "linker": {
        "output-format": "elf",
        "LD_FLAGS": "--specs=nosys.specs -Wl,--gc-sections",
        "LIB_FLAGS": "-lm"
    }
}