{"name":"HelloPID","type":"ARM","mode":"Debug","toolchain":"GCC","dependenceList":[{"groupName":"custom","depList":[{"name":"default","incList":[".\\.eide\\deps",".\\Drivers\\CMSIS\\Include",".\\Drivers\\CMSIS\\Device\\ST\\STM32F1xx\\Include"],"libList":[],"sourceDirList":[],"defineList":["USE_HAL_DRIVER","STM32F103xE"]}]}],"compileConfig":{"cpuType":"Cortex-M3","floatingPointHardware":"none","useCustomScatterFile":true,"scatterFilePath":".\\STM32F103RCTx_FLASH.ld","storageLayout":{"RAM":[{"tag":"IRAM","id":1,"mem":{"startAddr":"0x20000000","size":"0x5000"},"isChecked":true,"noInit":false}],"ROM":[{"tag":"IROM","id":1,"mem":{"startAddr":"0x08000000","size":"0x10000"},"isChecked":true,"isStartup":true}]},"options":"null"},"uploader":"STLink","srcDirs":[".\\.eide\\deps",".\\Core",".\\Drivers\\STM32F1xx_HAL_Driver"],"virtualFolder":[],"excludeList":[],"outDir":".\\build","deviceName":null,"packDir":null,"uploadConfig":{"bin":".\\build\\Debug\\HelloPID.hex","proType":"SWD","resetMode":"default","runAfterProgram":true,"speed":4000,"address":"0x08000000","elFile":"None","optionBytes":".eide/debug.st.option.bytes.ini","otherCmds":""},"uploadConfigMap":{"JLink":{"bin":null,"baseAddr":"0x08000000","cpuInfo":{"vendor":"ST","cpuName":"STM32F103C8"},"proType":1,"speed":8000,"otherCmds":""}},"miscInfo":{"uid":"2019604fe82455670e4e87ae1f62e896"},"targets":{"Debug":{"excludeList":[],"toolchain":"GCC","compileConfig":{"cpuType":"Cortex-M3","floatingPointHardware":"none","useCustomScatterFile":true,"scatterFilePath":".\\STM32F103RCTx_FLASH.ld","storageLayout":{"RAM":[{"tag":"IRAM","id":1,"mem":{"startAddr":"0x20000000","size":"0x5000"},"isChecked":true,"noInit":false}],"ROM":[{"tag":"IROM","id":1,"mem":{"startAddr":"0x08000000","size":"0x10000"},"isChecked":true,"isStartup":true}]},"options":"null"},"uploader":"STLink","uploadConfig":{"bin":null,"proType":"SWD","resetMode":"default","runAfterProgram":true,"speed":4000,"address":"0x08000000","elFile":"None","optionBytes":".eide/debug.st.option.bytes.ini","otherCmds":""},"uploadConfigMap":{"JLink":{"bin":null,"baseAddr":"0x08000000","cpuInfo":{"vendor":"ST","cpuName":"STM32F103C8"},"proType":1,"speed":8000,"otherCmds":""}},"custom_dep":{"name":"default","incList":[".\\.eide\\deps",".\\Drivers\\CMSIS\\Include",".\\Drivers\\CMSIS\\Device\\ST\\STM32F1xx\\Include"],"libList":[],"sourceDirList":[],"defineList":["USE_HAL_DRIVER","STM32F103xE"]}},"Release":{"excludeList":[],"toolchain":"GCC","compileConfig":{"cpuType":"Cortex-M3","floatingPointHardware":"none","useCustomScatterFile":true,"scatterFilePath":".\\STM32F103RCTx_FLASH.ld","storageLayout":{"RAM":[{"tag":"IRAM","id":1,"mem":{"startAddr":"0x20000000","size":"0x5000"},"isChecked":true,"noInit":false}],"ROM":[{"tag":"IROM","id":1,"mem":{"startAddr":"0x08000000","size":"0x10000"},"isChecked":true,"isStartup":true}]},"options":"null"},"uploader":"STLink","uploadConfig":{"bin":null,"proType":"SWD","resetMode":"default","runAfterProgram":true,"speed":4000,"address":"0x08000000","elFile":"None","optionBytes":".eide/debug.st.option.bytes.ini","otherCmds":""},"uploadConfigMap":{"JLink":{"bin":null,"baseAddr":"0x08000000","cpuInfo":{"vendor":"ST","cpuName":"STM32F103C8"},"proType":1,"speed":8000,"otherCmds":""}},"custom_dep":{"name":"default","incList":[".\\.eide\\deps",".\\Drivers\\CMSIS\\Include",".\\Drivers\\CMSIS\\Device\\ST\\STM32F1xx\\Include"],"libList":[],"sourceDirList":[],"defineList":["USE_HAL_DRIVER","STM32F103xE"]}}},"version":"2.6"}